"time,sec","ppg heart rate, bpm",wi1,wi2,wi3,wi4,"candidate heart rate, bpm",
10.16,83.313,-0.35685,0.7203,0.12247,0.30634,74.432,
10.16,83.313,-0.85857,2.8191,-0.78461,-1.1739,74.249,
10.16,83.313,8.4456,-7.65,-0.56504,-0.19252,78.278,
10.16,83.313,-1.6541,-3.0774,14.431,-10.023,83.771,
11.16,82.947,3.6758,-3.1326,0.78545,-0.66462,74.524,
11.16,82.947,3.414,-5.0496,4.6099,-3.4048,82.489,
11.16,82.947,6.7581,-4.7025,-4.3278,2.0877,81.573,
11.16,82.947,-1.5717,2.6043,1.2265,-2.3547,76.263,
12.16,83.221,1.9667,-1.1746,-0.68653,0.67304,75.256,
12.16,83.221,8.1094,-6.943,-1.7254,0.36907,92.285,
12.16,83.221,-0.98042,2.8592,-1.1723,-0.69755,75.348,
12.16,83.221,0.77264,-3.2917,10.604,-8.1882,82.581,
13.16,83.679,0.21397,-0.60741,-0.0045269,-0.39386,76.63,
13.16,83.679,-1.4731,-0.46,0.66354,1.2639,76.904,
13.16,83.679,-13.009,12.172,0.85528,-0.082183,51.453,93.933
13.16,83.679,1.3844,1.8849,-12.15,9.0603,82.947,
14.16,83.954,-2.6045,1.6865,0.5679,-0.40509,76.172,
14.16,83.954,-6.9061,5.8646,1.2212,0.10528,50.995,
14.16,83.954,0.58563,-1.9406,-0.74571,2.1288,78.003,
14.16,83.954,0.048943,2.0182,-5.929,3.9254,83.954,
15.16,83.771,1.9597,-0.9767,-1.0979,0.88258,76.721,
15.16,83.771,3.1274,-1.1988,-5.073,2.9415,84.686,
15.16,83.771,-0.065719,1.327,1.326,-2.6155,77.637,
15.16,83.771,9.7398,-10.767,5.4627,-4.7319,81.665,
16.16,83.405,-0.25517,0.30943,0.95279,-0.22255,76.813,
16.16,83.405,1.0644,0.29036,0.26585,-1.6518,77.271,
16.16,83.405,6.5686,-4.0208,-4.719,2.2916,82.947,
16.16,83.405,-4.167,6.9106,-8.3879,6.143,82.306,
17.16,82.672,-0.0029112,0.029349,1.2032,-0.47038,78.369,
17.16,82.672,-0.19816,2.497,-0.39592,-1.826,73.792,
17.16,82.672,5.1238,-3.0966,-2.8862,0.86974,81.39,
17.16,82.672,2.8926,-4.3972,7.4956,-6.6198,83.038,
18.16,81.665,-0.58444,0.53504,1.5836,-0.75872,78.918,
18.16,81.665,1.2601,0.49305,-0.68971,-1.0709,72.052,
18.16,81.665,4.9184,-3.8433,-0.3279,-0.81037,52.277,
18.16,81.665,2.2342,0.73806,-11.395,8.9452,82.123,
19.16,80.841,-0.94209,0.66464,1.0347,0.054965,99.792,
19.16,80.841,4.5374,-3.3949,2.3945,-3.5803,52.002,
19.16,80.841,7.5639,-1.9821,-11.782,6.4488,80.475,
19.16,80.841,-3.1464,4.8393,1.5773,-3.1225,51.91,
20.16,80.292,-0.80617,1.0941,-0.50404,1.0586,99.426,
20.16,80.292,-3.4509,3.0015,-2.2258,2.6392,50.171,
20.16,80.292,-0.72736,-0.72128,0.045943,1.4089,132.48,
20.16,80.292,7.7081,-3.1673,-10.361,5.812,79.559,
21.16,80.017,0.41566,-0.030141,0.29217,0.12237,65.918,
21.16,80.017,-0.19579,-1.0839,-0.042044,1.2758,133.21,
21.16,80.017,-3.6669,3.0326,-1.7717,2.668,48.981,
21.16,80.017,6.967,-2.2798,-9.6654,5.0324,79.651,
22.16,80.566,0.02306,0.14551,0.82661,-0.21017,65.735,
22.16,80.566,0.6893,0.89751,-0.32877,-1.2514,63.08,
22.16,80.566,4.184,-3.1969,0.43095,-1.5728,48.523,
22.16,80.566,3.7021,0.13315,-10.192,6.7248,79.742,
23.16,80.841,1.8955,-1.1924,0.29581,-0.32521,65.186,
23.16,80.841,1.1547,0.54844,-1.0437,-0.58482,134.4,
23.16,80.841,-2.9999,3.7524,-5.465,5.5829,80.017,
23.16,80.841,9.3013,-4.9482,-8.0196,3.2077,57.22,
24.16,80.933,2.6938,-1.8464,-0.059457,-0.18505,64.362,
24.16,80.933,0.37967,1.0222,-0.60577,-0.61903,63.354,
24.16,80.933,-2.4792,3.3218,-5.4942,5.5387,80.841,
24.16,80.933,9.3631,-5.1206,-8.1356,3.3316,57.22,
25.16,80.658,1.66,-1.2059,0.83409,-0.61211,64.178,
25.16,80.658,0.2495,0.92212,0.10366,-1.2434,65.46,
25.16,80.658,0.05337,2.3164,-7.6969,6.0399,80.841,
25.16,80.658,11.07,-7.7508,-3.7748,-0.17716,60.516,
26.16,79.926,1.2744,-0.3164,-0.52135,0.35148,64.728,
26.16,79.926,2.2612,0.3521,-0.49396,-2.3787,64.636,
26.16,79.926,6.6642,-4.4703,-3.6297,1.2481,60.516,
26.16,79.926,1.4635,-2.511,4.1443,-3.2714,80.933,
27.16,79.376,1.9898,-1.4971,0.47118,-0.28035,64.728,
27.16,79.376,-0.17947,1.2178,0.24692,-1.1931,131.1,
27.16,79.376,-2.1741,4.4163,-7.4049,6.0012,79.926,
27.16,79.376,11.615,-7.1127,-6.6739,1.7759,61.615,
28.16,79.651,2.9075,-1.7931,-0.84219,0.51032,131.38,
28.16,79.651,6.2142,-2.7485,-7.8777,4.3582,78.369,
28.16,79.651,-8.0049,9.0247,-6.6345,6.2337,65.094,
28.16,79.651,2.1342,1.9524,-3.0197,-0.99859,130.74,
29.16,80.566,1.9202,-0.77088,-1.0712,0.72472,129.73,
29.16,80.566,1.0021,0.46338,-0.12861,-1.3869,130.1,
29.16,80.566,10.563,-5.7661,-9.4223,4.3444,76.447,
29.16,80.566,2.1832,-3.0573,3.4992,-2.8267,82.489,
30.16,82.031,2.5332,-1.5926,-0.19447,-0.029214,93.018,
30.16,82.031,0.18159,1.0874,-0.085668,-1.1756,130,
30.16,82.031,9.8547,-6.3626,-5.3289,1.2291,57.037,
30.16,82.031,-2.321,4.9516,-9.1438,7.1747,83.313,
31.16,88.257,1.756,-0.94675,-0.12544,0.067391,92.743,
31.16,88.257,-9.1659,6.7579,0.56258,2.551,55.756,
31.16,88.257,1.1318,3.0655,-6.0903,2.1919,60.608,
31.16,88.257,4.4448,-1.0412,-10.323,7.1197,98.145,
32.16,91.644,1.5332,-0.85129,0.017737,0.065255,126.16,
32.16,91.644,2.3887,1.3661,-3.3884,-0.25659,128.17,
32.16,91.644,10.281,-6.6699,-5.7198,1.6816,54.291,
32.16,91.644,-1.7613,4.1113,-9.1212,7.3687,94.757,
33.16,93.018,2.2165,-1.3231,-0.12788,-0.047846,125.43,
33.16,93.018,3.6322,-3.7572,2.5212,-2.8761,92.743,
33.16,93.018,3.5347,0.67566,-4.5757,0.35177,127.53,
33.16,93.018,6.7574,-3.2777,-9.4289,5.8583,98.053,
34.16,93.658,-0.88111,-0.064151,0.90797,-0.79997,125.7,
34.16,93.658,-0.56341,-2.1745,2.2037,0.56725,127.26,
34.16,93.658,0.19913,2.5596,-10.396,7.9149,96.039,
34.16,93.658,-11.616,8.0672,3.212,0.86411,52.826,
35.16,93.475,1.514,-0.83579,0.30482,-0.23875,62.439,
35.16,93.475,1.0798,0.43331,-0.15297,-1.4281,127.26,
35.16,93.475,2.3759,-3.5331,4.3646,-3.6541,94.391,
35.16,93.475,10.306,-5.3489,-8.1244,2.9298,51.178,
36.16,93.018,0.60403,0.25899,-0.76119,0.73264,62.256,
36.16,93.018,0.11061,1.4996,-0.82163,-0.77217,131.01,
36.16,93.018,1.325,-5.333,12.828,-9.2363,94.482,
36.16,93.018,12.811,-7.582,-5.348,-0.23437,52.917,
37.16,92.377,-1.3143,1.8139,-1.048,1.4581,47.699,
37.16,92.377,0.40063,1.3016,-1.1375,-0.63956,44.495,
37.16,92.377,6.2385,-5.1779,3.3186,-4.592,79.651,91.553
37.16,92.377,11.82,-3.2754,-15.718,7.3116,94.391,
38.16,92.102,-0.69035,1.1059,-0.13217,0.58961,115.63,
38.16,92.102,4.2186,-3.5857,2.0891,-2.8961,80.658,
38.16,92.102,2.9575,0.55334,-1.6314,-2.1165,120.67,
38.16,92.102,4.7092,-0.95214,-6.898,3.2561,93.201,
39.16,92.102,-0.91205,1.3808,-0.4806,0.9213,116.82,
39.16,92.102,1.0222,0.65918,-1.0977,-0.71753,117.46,
39.16,92.102,-2.7555,2.9819,-4.2197,4.196,89.996,
39.16,92.102,8.4994,-4.1941,-5.8733,1.5778,67.017,
40.16,92.468,-0.33291,1.1566,-0.88715,0.92279,116,
40.16,92.468,0.16747,1.4913,-1.2274,-0.55281,116.18,
40.16,92.468,1.6544,3.2255,-14.629,10.043,89.722,
40.16,92.468,11.941,-5.6752,-5.1464,-1.3247,95.306,
41.16,93.109,-0.34621,1.2438,-1.2026,1.1736,113.43,
41.16,93.109,-0.20367,1.7108,-1.1181,-0.48399,114.35,
41.16,93.109,2.0349,2.845,-13.497,8.7988,103.82,
41.16,93.109,11.6,-6.0174,-4.0306,-1.7201,62.988,
42.16,94.116,-0.39086,0.99837,-1.0385,1.3082,97.137,112.24
42.16,94.116,0.05464,3.2091,-3.187,0.038388,112.88,
42.16,94.116,1.0064,2.9944,-13.166,9.4012,103,
42.16,94.116,11.216,-6.0098,-3.9063,-1.477,62.164,
43.16,94.94,-0.21859,1.0593,-0.99339,1.0103,96.405,
43.16,94.94,-0.19271,1.5234,-0.48952,-0.92742,111.88,
43.16,94.94,3.3969,2.6804,-14.89,9.0455,98.877,
43.16,94.94,10.917,-6.3934,-1.5721,-3.2102,61.89,
44.16,95.215,0.55017,0.49154,-1.7099,1.5143,94.94,
44.16,95.215,-2.1733,3.8732,-0.0065962,-1.435,111.6,
44.16,95.215,2.7191,3.2559,-15.533,9.7254,96.954,
44.16,95.215,11.985,-6.4916,-2.9878,-2.8705,63.171,
45.16,95.215,0.40484,0.58614,-1.2568,1.1069,92.926,
45.16,95.215,1.0787,0.82708,-0.058364,-1.8912,142,
45.16,95.215,4.9397,2.097,-16.856,9.873,54.108,
45.16,95.215,6.867,-4.856,0.37633,-2.5563,66.65,
46.16,94.757,0.29306,0.53633,-0.85081,0.86288,87.158,
46.16,94.757,-0.45379,1.172,0.60571,-1.3845,116.55,
46.16,94.757,3.962,-2.5346,0.9186,-2.5188,70.129,
46.16,94.757,5.0451,-0.18672,-10.303,5.3479,53.192,
47.16,94.208,-0.71137,1.2751,-1.0966,1.3931,118.1,
47.16,94.208,6.9329,-5.4636,1.2112,-2.7237,66.833,
47.16,94.208,5.2835,-0.66678,0.55406,-5.2817,118.93,
47.16,94.208,-5.4947,-1.5437,16.677,-9.648,95.215,
48.16,93.658,-1.2887,0.88172,1.4417,-0.23872,83.588,
48.16,93.658,6.1965,-3.0194,-4.8779,1.8665,53.284,
48.16,93.658,2.0816,1.8105,-1.2518,-2.6341,118.93,
48.16,93.658,-10.192,11.184,-10.848,10.364,94.849,
49.16,92.926,0.41531,0.34503,-0.58706,0.62984,81.94,
49.16,92.926,-3.9071,7.2224,-4.1772,0.95021,119.2,
49.16,92.926,-1.8573,-2.2331,14.48,-10.516,93.384,
49.16,92.926,16.786,-9.617,-4.3903,-3.0835,51.819,68.481
50.16,92.468,-1.5435,1.5979,-0.3029,1.119,80.2,
50.16,92.468,7.5208,-4.4947,-1.4503,-1.6095,68.024,
50.16,92.468,0.61015,1.0398,-0.30947,-1.378,119.38,
50.16,92.468,-2.6931,-3.9909,17.601,-11.326,91.919,
51.16,91.919,0.16314,0.58571,-0.1621,0.21502,79.742,
51.16,91.919,1.7584,1.1472,0.9401,-4.1086,119.29,
51.16,91.919,-5.8239,8.5176,-11.431,9.0903,70.953,
51.16,91.919,15.03,-6.7402,-11.666,3.2562,54.016,
52.16,91.644,-0.44699,-0.26614,0.24838,-0.34218,78.278,
52.16,91.644,0.11375,-1.5664,-0.31961,1.8087,120.76,
52.16,91.644,-13.739,7.5326,5.6408,0.83642,67.291,
52.16,91.644,-2.1273,6.2035,-14.006,10.271,70.221,
53.16,91.553,0.72109,0.02491,-0.23048,0.28716,76.721,
53.16,91.553,0.78116,1.4272,-2.0584,-0.12222,124.6,
53.16,91.553,5.6353,-4.5037,2.3123,-3.798,67.932,
53.16,91.553,9.9352,-2.2453,-15.474,7.8831,91.827,
54.16,91.919,-0.69703,1.1395,-0.28976,0.67343,75.256,
54.16,91.919,0.94568,0.97649,-0.10496,-1.9088,74.066,
54.16,91.919,-5.6335,7.8508,-13.387,11.428,70.587,
54.16,91.919,12.393,-5.7591,-9.7002,3.0874,42.755,
55.16,92.834,-0.45985,0.81005,-0.28417,0.78039,74.707,
55.16,92.834,0.6089,1.0181,-0.25215,-1.3711,72.784,
55.16,92.834,-8.604,8.816,-8.3423,8.6006,55.206,94.94
55.16,92.834,4.9136,-1.5606,-5.1925,1.8607,50.629,
56.16,94.574,1.4791,-0.39623,-0.87337,0.5678,45.685,
56.16,94.574,1.5082,0.80452,-0.37715,-1.9301,72.693,
56.16,94.574,4.1219,1.2806,-12.011,6.5053,50.629,
56.16,94.574,17.331,-13.469,3.3047,-7.7314,116.82,
57.16,96.68,0.097876,-0.26889,1.4227,-0.50643,73.608,
57.16,96.68,-0.16878,1.9175,-0.96294,-0.69618,72.235,
57.16,96.68,4.5915,-1.7408,-3.5649,0.81649,48.523,
57.16,96.68,-5.3636,5.5953,-5.3942,5.596,93.201,
58.16,98.328,0.43467,0.50613,-1.2168,1.0888,73.334,
58.16,98.328,1.0573,0.41535,0.55832,-2.0629,73.792,
58.16,98.328,3.6818,0.7416,-9.6087,5.0476,49.53,
58.16,98.328,-9.3727,7.5134,-2.953,5.1724,48.615,
59.16,99.152,-1.5812,1.8377,-0.89263,2.1315,73.608,
59.16,99.152,0.65969,1.2223,-0.67634,-1.1163,74.341,
59.16,99.152,-6.8108,7.8051,-9.4831,8.6946,113.53,
59.16,99.152,5.5904,-1.1763,-7.8781,3.6191,50.262,
60.16,99.06,0.78239,-0.16411,-0.095969,0.25762,74.432,
60.16,99.06,0.32956,1.3636,-0.62101,-1.0107,75.348,
60.16,99.06,8.8881,-4.1258,-5.0894,0.040239,51.178,
60.16,99.06,-4.4218,6.7053,-10.787,9.033,47.791,
61.16,98.145,-2.3996,3.0673,-2.1534,3.0242,73.334,
61.16,98.145,3.911,-7.2545,10.752,-7.539,48.615,
61.16,98.145,2.4578,0.050061,2.1037,-4.6201,74.799,
61.16,98.145,8.4796,-3.7679,-5.2872,0.61877,52.826,
62.16,96.954,1.084,-0.31868,-0.077993,0.079493,75.073,
62.16,96.954,0.86662,0.93902,-0.27474,-1.5508,75.165,
62.16,96.954,9.3087,-5.275,-3.3083,-1.1015,55.939,
62.16,96.954,1.9328,-6.3015,12.363,-8.4736,49.53,
63.16,95.49,1.7025,-0.18678,-0.77337,0.011214,75.439,
63.16,95.49,0.090186,1.4141,0.31191,-1.894,75.531,
63.16,95.49,9.4472,-3.8229,-5.2306,-0.8588,57.861,
63.16,95.49,-4.2217,8.129,-13.244,9.726,66.193,
64.16,94.574,-1.8682,0.64867,0.12172,0.3698,75.806,
64.16,94.574,-4.4794,0.70297,0.22892,3.9913,90.363,
64.16,94.574,-7.6073,7.4074,-2.535,3.3327,60.883,
64.16,94.574,2.5762,4.378,-14.654,8.0635,95.764,
65.16,94.208,2.3523,-1.1174,-0.34264,-0.16681,76.08,
65.16,94.208,0.84009,1.0126,0.17335,-1.9987,90.546,
65.16,94.208,7.1572,-1.3333,-8.4883,2.31,95.673,
65.16,94.208,-7.1497,8.1234,-7.8813,7.5962,63.446,
66.16,94.482,2.0515,-0.96765,-0.69584,0.34194,76.263,
66.16,94.482,0.46247,1.6255,-1.0851,-0.89852,75.623,
66.16,94.482,8.872,-6.2882,-0.80665,-2.4497,63.08,
66.16,94.482,-0.23474,-5.1353,14.222,-9.1227,93.75,
67.16,95.123,-0.68469,0.1698,-0.34544,0.079087,74.982,
67.16,95.123,-0.25872,-1.1424,-0.62184,2.0573,74.524,
67.16,95.123,-8.6805,6.2229,-0.11148,2.8641,62.256,
67.16,95.123,1.6559,3.6517,-12.755,7.789,94.025,
68.16,96.13,-1.1169,0.67653,-0.81718,0.51476,74.066,
68.16,96.13,-0.18152,-1.9002,1.2466,0.7659,73.975,
68.16,96.13,-1.1205,3.2921,-7.1814,5.3238,94.025,
68.16,96.13,-7.8017,3.5508,3.8604,0.66994,50.812,
69.16,97.321,-1.3228,1.0479,-1.0201,0.57835,73.608,
69.16,97.321,-0.78791,-0.87681,-0.048299,1.6229,74.158,
69.16,97.321,-8.2765,6.11,-1.599,4.4432,55.115,
69.16,97.321,1.5233,3.9164,-13.776,8.8691,94.757,
70.16,98.602,-1.4565,1.0387,-1.3896,1.1158,73.608,
70.16,98.602,-3.8343,1.9262,2.7323,-0.63962,52.734,
70.16,98.602,-2.1874,6.3675,-12.846,9.4526,75.806,
70.16,98.602,-1.1135,-0.91366,-2.2769,4.5296,74.341,
71.16,99.243,-2.1788,2.7304,-1.2835,2.2732,75.439,
71.16,99.243,3.6453,-1.6168,-2.3428,0.51001,53.009,
71.16,99.243,-0.89544,-1.5693,-0.34991,2.8992,75.165,
71.16,99.243,-3.3898,6.5412,-11.783,8.9096,88.623,
72.16,99.152,-1.7076,1.9472,0.64416,0.57685,75.989,
72.16,99.152,3.5532,-1.4156,-2.5879,0.67793,52.917,
72.16,99.152,0.88089,1.3362,0.82884,-3.2745,75.348,
72.16,99.152,-3.3655,6.7134,-12.061,9.2314,88.989,
73.16,98.236,1.8478,-1.9412,-0.51384,-0.87093,76.355,
73.16,98.236,-4.1066,2.1434,0.92655,0.89817,57.495,
73.16,98.236,0.62979,-2.6139,-0.055763,2.0992,75.531,
73.16,98.236,-0.055216,4.3009,-11.561,7.7905,65.186,
74.16,96.405,-0.89215,0.35368,-0.12897,-0.10768,76.904,
74.16,96.405,-1.3749,-0.079443,-0.53864,2.0331,76.263,
74.16,96.405,-3.6136,2.5058,1.1772,0.13836,74.158,
74.16,96.405,-0.8727,4.2362,-10.785,7.9124,65.552,
75.16,94.025,-1.854,0.87121,0.26122,0.0004128,77.271,
75.16,94.025,-7.2442,3.8054,2.3012,1.7538,60.883,
75.16,94.025,0.95759,-1.5912,-3.7098,4.2587,75.165,
75.16,94.025,-0.79165,4.8097,-10.642,7.1861,63.171,
76.16,92.285,-1.2587,0.81211,-0.60895,0.32305,77.545,
76.16,92.285,-0.42857,-0.97556,0.014776,1.3474,76.08,
76.16,92.285,-7.5723,4.6049,2.6213,0.80152,73.975,
76.16,92.285,-0.34959,4.4514,-11.21,7.8112,59.692,91.187
77.16,91.461,1.69,-1.3809,0.7183,-0.40786,81.024,101.17
77.16,91.461,0.75144,0.90789,-0.86568,-0.62567,74.615,
77.16,91.461,7.5353,-4.5186,-3.6492,-0.10072,72.693,
77.16,91.461,2.9111,2.0514,-10.951,6.8511,92.01,
78.16,91.003,0.90097,-0.19147,-0.27443,0.35743,100.52,
78.16,91.003,-0.24597,1.5881,-0.70588,-0.61082,73.334,
78.16,91.003,-2.7061,2.5668,-2.4581,2.8113,62.714,
78.16,91.003,8.3625,-4.0701,-7.8169,3.3705,89.996,
79.16,91.095,0.83722,-0.45619,0.52462,-0.12546,99.884,
79.16,91.095,-1.0461,-1.0912,1.3481,0.70331,53.467,
79.16,91.095,-5.122,3.6676,-0.89199,2.6388,62.714,
79.16,91.095,-6.3473,0.83386,13.703,-8.4094,90.637,
80.16,91.095,-0.1679,0.64572,0.17097,0.16614,99.152,
80.16,91.095,1.1526,0.85578,-1.6737,-0.40381,52.46,
80.16,91.095,-3.1194,3.4211,-2.4115,2.2825,89.996,
80.16,91.095,8.7637,-3.5128,-10.004,5.0737,89.905,
81.16,90.82,0.13287,0.48284,-0.3287,0.54154,65.186,
81.16,90.82,1.1048,0.78234,-1.0382,-0.89558,51.544,
81.16,90.82,-2.2802,2.6861,-3.0053,2.6831,89.264,
81.16,90.82,8.8638,-4.8164,-7.0612,2.9644,60.059,
82.16,90.546,-0.075808,0.60708,-0.27256,0.5652,65.186,
82.16,90.546,0.37722,1.3988,-1.193,-0.60025,84.045,
82.16,90.546,3.3708,-3.1209,2.3663,-2.6982,87.616,
82.16,90.546,8.1982,-3.5602,-9.404,4.8376,60.791,
83.16,89.63,1.1491,-0.36192,-0.21434,0.21572,65.186,
83.16,89.63,1.0796,0.44505,-0.33539,-1.2918,66.467,
83.16,89.63,8.4116,-6.548,-2.1196,-0.19758,82.764,
83.16,89.63,1.5751,1.3912,-7.3635,4.5572,88.989,
84.16,88.989,1.5769,-0.54626,-0.76502,0.51367,65.277,
84.16,88.989,1.4758,0.20451,-0.56747,-1.2027,67.383,
84.16,88.989,9.9196,-6.9129,-4.4983,0.99507,82.214,
84.16,88.989,-0.23904,3.2266,-7.9189,5.1782,88.806,
85.16,88.44,0.082033,0.28437,0.23641,0.20299,65.186,
85.16,88.44,1.1377,0.19621,0.21934,-1.6208,66.742,
85.16,88.44,1.9228,0.23498,-4.2148,2.1979,88.989,
85.16,88.44,7.6724,-7.375,2.0184,-2.6318,50.903,
86.16,88.348,0.67329,-0.33952,0.29664,0.14311,64.178,
86.16,88.348,3.8522,0.83981,-3.8835,-0.66659,63.812,
86.16,88.348,11.44,-7.8674,-4.2233,0.30018,47.974,
86.16,88.348,1.053,2.089,-8.8295,6.0735,89.722,
87.16,89.172,-0.38928,0.43365,0.73128,0.021078,64.453,
87.16,89.172,1.397,-0.22891,0.26859,-1.5288,130.92,
87.16,89.172,1.2472,-2.754,3.1936,-1.9843,89.63,
87.16,89.172,6.714,-3.7182,-4.3109,1.3689,89.264,
88.16,90.088,-0.26021,-0.35901,-0.091082,-0.11339,62.439,
88.16,90.088,-0.30336,-1.7146,1.3689,0.7012,63.721,
88.16,90.088,-1.0958,7.4726,-14.408,8.6693,90.546,
88.16,90.088,-17.954,11.227,6.7394,0.1887,49.072,73.151
89.16,91.003,0.62846,-0.051385,0.26864,-0.055202,89.722,
89.16,91.003,-1.4649,2.1915,0.16412,-0.94421,89.539,
89.16,91.003,14.869,-8.6666,-5.8573,-0.72641,72.784,
89.16,91.003,1.0532,-6.3363,10.756,-6.2195,90.912,
90.16,91.461,0.68209,-0.099678,0.12292,0.096215,91.003,
90.16,91.461,-1.0444,2.1418,-0.20491,-0.89443,130.19,
90.16,91.461,13.752,-9.4276,-2.7032,-2.0758,126.89,
90.16,91.461,0.59896,-5.2947,9.8821,-5.7009,90.912,
91.16,91.003,-0.8294,0.19325,-0.07354,-0.084447,91.736,
91.16,91.003,0.95065,-1.9932,0.073084,0.97694,128.81,
91.16,91.003,-13.491,9.8381,1.407,2.7918,126.43,
91.16,91.003,3.3121,4.3999,-13.661,6.5154,91.187,
92.16,90.179,0.12259,0.33868,0.21349,0.14536,92.102,
92.16,90.179,-0.83849,2.0408,-0.34547,-0.88277,127.08,
92.16,90.179,13.388,-10.877,0.74315,-3.7875,53.925,
92.16,90.179,-3.0773,-4.0927,12.748,-6.1216,90.363,
93.16,88.806,1.8153,-0.81622,-0.35914,0.12387,125.7,
93.16,88.806,0.6491,0.81177,-0.18345,-1.3164,126.34,
93.16,88.806,7.5293,0.68041,-13.149,5.1109,89.081,
93.16,88.806,-11.309,12.902,-7.0324,6.4185,52.185,
94.16,87.341,0.7563,-0.49615,0.79644,-0.30441,125.52,
94.16,87.341,-0.15374,0.7713,0.84604,-1.5943,125.89,
94.16,87.341,0.47714,5.9738,-10.921,5.2035,48.157,
94.16,87.341,12.093,-8.2804,-2.4084,-1.8867,51.361,
95.16,85.693,0.9554,-0.5752,0.68828,-0.30757,125.06,
95.16,85.693,-1.1639,2.1468,0.24403,-1.2646,125.43,
95.16,85.693,12.216,-8.2285,-2.7723,-1.5994,54.016,
95.16,85.693,-0.2182,5.5271,-10.715,6.0234,85.236,
96.16,83.496,-1.0066,1.0991,-1.2718,0.44134,123.5,
96.16,83.496,-1.1228,2.2954,0.11779,-1.2461,124.05,
96.16,83.496,11.581,-9.1442,0.070059,-3.0177,99.701,
96.16,83.496,4.8789,3.586,-13.613,5.7357,84.229,
97.16,82.214,-1.2558,1.7372,-0.60927,0.97458,46.6,
97.16,82.214,1.1207,0.71453,-0.19853,-1.6515,132.39,
97.16,82.214,-4.1585,6.8398,-7.3836,4.8809,82.031,
97.16,82.214,8.1457,-3.3472,-6.6873,1.9915,86.151,
98.16,81.39,1.5552,-1.2386,1.2004,-0.80032,115.17,
98.16,81.39,1.1161,1.2433,-1.8271,-0.54696,120.85,132.2
98.16,81.39,-7.0807,8.5761,-6.9155,6.2207,81.482,
98.16,81.39,5.9611,-2.2702,-6.664,3.0595,84.412,
99.16,81.39,2.0446,-1.6857,0.65329,-0.28118,117.19,
99.16,81.39,-1.1882,3.8161,-0.40879,-1.9273,119.48,
99.16,81.39,11.965,-6.2368,-6.7872,0.72522,99.152,
99.16,81.39,1.57,-5.4493,9.9086,-6.7098,81.848,
100.16,81.665,2.4374,-1.9894,0.65842,-0.39552,115.45,
100.16,81.665,-6.3663,8.015,-5.8407,4.8924,82.855,
100.16,81.665,0.47984,2.824,0.33455,-3.5295,119.02,
100.16,81.665,11.221,-3.0137,-12.084,3.8041,80.841,
101.16,82.214,1.8237,-1.5977,0.62716,-0.11531,112.7,
101.16,82.214,0.56615,3.5684,-2.0113,-1.813,122.86,
101.16,82.214,-7.2348,8.3458,-6.6821,6.1761,83.862,
101.16,82.214,6.191,-1.7953,-7.1415,2.7528,79.742,
102.16,82.947,2.0321,-1.5361,0.2962,-0.046211,111.6,
102.16,82.947,8.3093,-9.0222,5.4251,-5.3434,85.236,
102.16,82.947,4.8847,-1.1276,-6.7825,3.0411,80.475,
102.16,82.947,1.2712,2.7274,-1.8056,-2.0192,123.96,
103.16,83.496,2.1713,-1.8788,0.75181,-0.34073,111.42,
103.16,83.496,-0.49036,2.8838,-5.4944,3.4523,83.771,
103.16,83.496,-0.78764,3.0695,1.3864,-3.4477,123.69,
103.16,83.496,12.519,-6.8067,-6.1809,0.092832,62.256,
104.16,83.771,-2.4542,2.1509,-0.83125,0.46323,111.79,
104.16,83.771,-5.7916,3.7598,2.1094,0.27801,88.806,
104.16,83.771,-1.9255,-2.1817,1.7765,2.1385,141.08,
104.16,83.771,1.0281,5.7268,-14.029,7.9142,83.679,
105.16,83.679,2.7777,-2.0835,0.37356,-0.34021,112.34,
105.16,83.679,6.0507,-3.6431,-2.9702,0.26003,86.975,
105.16,83.679,2.3059,1.4474,-0.043693,-3.6873,87.524,
105.16,83.679,-2.2903,8.7418,-15.049,9.1942,84.045,
106.16,83.221,3.2282,-2.1198,-0.74601,0.34348,116,
106.16,83.221,4.4192,-2.5414,-3.3038,1.0783,84.686,
106.16,83.221,3.6972,-5.6979,5.069,-3.4035,83.13,
106.16,83.221,2.2319,0.010253,1.5207,-3.8453,86.426,
107.16,82.489,3.6508,-2.9964,0.26987,-0.18269,118.47,
107.16,82.489,4.7017,-7.0481,5.904,-3.927,66.833,
107.16,82.489,-6.1027,2.6442,5.8732,-2.2529,83.038,
107.16,82.489,1.0722,2.4893,0.36415,-3.9252,85.052,
108.16,81.207,2.3647,-1.1101,-1.1754,0.68384,119.11,
108.16,81.207,5.6579,-3.8575,-2.2036,0.045084,83.313,
108.16,81.207,2.1687,1.0321,-0.66324,-2.5075,83.588,
108.16,81.207,-2.063,7.5648,-14.121,9.115,81.207,
109.16,80.109,0.40991,0.27921,-0.41947,0.54006,82.672,
109.16,80.109,1.8387,2.2985,-1.8936,-2.2717,81.757,
109.16,80.109,9.9346,-3.8932,-9.9472,3.9759,79.468,
109.16,80.109,-7.6953,11.734,-13.232,9.5874,79.926,
110.16,79.742,1.4701,-0.54049,-0.76634,0.64702,119.57,
110.16,79.742,9.6849,-5.2705,-6.505,1.853,53.284,
110.16,79.742,0.23462,3.7522,-3.5226,-0.25251,80.2,
110.16,79.742,-5.2087,9.5831,-12.496,8.731,78.827,
111.16,79.742,2.1201,-0.70922,-1.5177,0.893,119.57,
111.16,79.742,9.6093,-7.2224,-1.974,-0.9551,53.558,
111.16,79.742,0.75782,2.6473,-1.479,-1.8896,79.742,
111.16,79.742,-0.35665,6.4325,-14.179,8.3658,79.468,
112.16,80.841,2.1976,-0.98976,-1.3449,0.89585,76.08,
112.16,80.841,9.3469,-6.8018,-2.5353,-0.62757,52.734,
112.16,80.841,1.0121,2.6512,-1.9924,-1.5466,78.461,
112.16,80.841,2.4683,-6.4603,11.93,-8.1072,81.39,
113.16,82.947,1.5563,-0.52624,-0.7568,0.51898,76.172,
113.16,82.947,4.8571,-3.0758,-2.4541,0.44366,53.467,
113.16,82.947,0.56046,1.1218,-0.81452,-0.86554,77.454,
113.16,82.947,-3.224,8.095,-12.429,8.1695,83.771,
114.16,88.165,1.5379,-0.78839,-0.41369,0.45036,74.89,
114.16,88.165,0.11721,2.0596,-0.96687,-1.141,75.073,
114.16,88.165,12.511,-10.256,0.81532,-3.4466,70.404,
114.16,88.165,3.9121,3.2905,-17.934,10.958,94.208,
115.16,91.461,2.1782,-1.0893,-1.2713,0.94875,74.799,
115.16,91.461,11.218,-7.5731,-4.6301,0.47696,71.32,
115.16,91.461,0.66681,2.1988,0.0083201,-2.7353,74.249,
115.16,91.461,-2.674,6.9316,-13.032,9.0361,93.475,
116.16,92.56,1.3643,-0.50496,-0.15602,0.086666,73.7,
116.16,92.56,-1.3925,5.0417,-0.69392,-3.0191,73.883,
116.16,92.56,14.531,-12.488,2.4168,-4.7658,71.777,
116.16,92.56,6.095,3.2326,-20.037,10.895,93.658,
117.16,92.285,1.8001,-1.06,-0.04901,0.073593,73.608,
117.16,92.285,1.3368,2.3874,-0.89495,-2.8599,72.876,
117.16,92.285,-9.1117,10.727,-8.0441,6.9147,113.43,
117.16,92.285,11.03,-3.6909,-13.704,6.3604,93.292,
118.16,90.546,3.7785,-3.0175,0.65009,-0.73336,74.249,
118.16,90.546,12.346,-10.407,-0.22231,-2.4498,71.594,
118.16,90.546,-2.2862,6.4017,-2.6245,-1.4256,73.608,
118.16,90.546,-3.5416,-2.2005,13.915,-8.5076,92.377,
119.16,87.158,-3.1681,1.7137,4.0485,-1.2756,75.073,
119.16,87.158,5.9391,1.4319,-14.095,7.346,54.016,68.848
119.16,87.158,-1.8411,4.5517,0.73257,-3.527,73.7,
119.16,87.158,-11.672,10.74,-2.7774,3.7793,110.41,
120.16,85.052,2.5822,-1.7939,-0.44457,0.41319,74.249,
120.16,85.052,12.618,-12.277,1.6716,-2.4944,74.524,
120.16,85.052,4.9036,0.85316,-3.3484,-2.4071,73.792,
120.16,85.052,2.4906,3.6465,-16.675,10.655,84.137,
121.16,84.778,-2.4643,4.5986,-3.4495,2.7491,74.249,
121.16,84.778,-3.3998,8.0769,-14.44,9.5919,84.137,
121.16,84.778,2.6201,0.88554,0.90219,-4.657,74.982,
121.16,84.778,13.406,-8.6818,-6.5143,1.9053,57.129,
122.16,84.961,0.32136,0.4885,-1.3095,1.2896,74.799,
122.16,84.961,0.40422,1.6251,0.33611,-2.3184,75.806,
122.16,84.961,-3.6507,9.1253,-15.821,10.362,84.412,
122.16,84.961,13.086,-9.2182,-4.4848,0.53494,53.741,
123.16,85.968,0.78969,-0.48157,0.2302,0.24118,75.531,
123.16,85.968,0.45626,5.9189,-6.4972,0.26721,89.996,
123.16,85.968,11.676,-7.0153,-9.0434,4.3382,53.101,
123.16,85.968,-8.7491,10.502,-12.633,11.108,83.405,
124.16,86.7,0.6595,-0.27627,1.4729,-1.1165,75.714,91.827
124.16,86.7,5.486,0.16215,-3.0007,-2.8864,118.38,
124.16,86.7,6.4538,-1.2172,-12.431,7.5731,84.869,
124.16,86.7,13.668,-14.403,7.2645,-6.8368,105.1,
125.16,87.341,-0.74864,0.69592,2.0703,-1.2764,75.623,
125.16,87.341,-8.8933,2.7466,12.391,-6.727,87.891,
125.16,87.341,3.126,3.0491,-3.8618,-2.4963,118.47,
125.16,87.341,-13.15,13.276,-8.8773,8.9551,105.19,
126.16,87.708,0.61734,-0.45924,0.59635,0.023035,76.172,
126.16,87.708,-0.13135,2.0412,0.42954,-2.2696,134.12,
126.16,87.708,-10.67,12.165,-11.154,9.9715,103.91,
126.16,87.708,8.0495,-1.8228,-11.104,4.9691,88.989,
127.16,87.341,0.65417,-0.5868,-0.623,-0.23228,74.615,
127.16,87.341,-1.7848,-0.83061,0.11925,2.4661,75.165,
127.16,87.341,-13.893,9.4634,4.78,-0.47996,69.214,
127.16,87.341,-0.38063,2.9945,-6.4189,3.8776,87.616,
128.16,86.609,1.2729,-1.2948,1.8061,-1.0538,74.432,
128.16,86.609,12.07,-10.675,4.1582,-6.061,71.228,
128.16,86.609,2.9571,2.3691,-1.8423,-3.4136,74.432,
128.16,86.609,7.4606,-0.97223,-13.859,7.6856,88.44,
129.16,85.693,2.4991,-2.7312,2.1273,-1.2348,74.249,
129.16,85.693,12.142,-9.4738,2.5233,-5.8897,70.953,
129.16,85.693,-0.97573,4.5787,-0.88011,-2.2837,75.073,
129.16,85.693,4.9642,0.94655,-12.296,6.7936,86.243,
130.16,84.595,1.8241,-1.4737,0.92857,-0.55659,73.975,
130.16,84.595,-11.426,8.4768,-0.94982,4.4612,71.228,
130.16,84.595,0.4917,4.0142,-3.024,-1.2555,76.355,
130.16,84.595,4.047,1.1023,-12.159,7.27,84.503,
131.16,83.771,1.6153,-1.6981,1.3263,-0.53979,75.256,
131.16,83.771,10.379,-7.4082,-1.0601,-2.3446,96.771,
131.16,83.771,0.043313,4.5084,-2.5526,-1.6623,76.721,
131.16,83.771,-2.7314,-1.9319,11.496,-7.2452,83.588,
132.16,82.855,1.6986,-1.7253,1.066,-0.3244,75.806,
132.16,82.855,0.31718,4.6131,-3.2346,-1.3101,76.538,
132.16,82.855,-7.9853,7.3155,-4.5208,5.6905,98.328,
132.16,82.855,8.1718,-2.5014,-11.24,5.6379,81.848,
133.16,82.947,1.722,-1.5751,1.0909,-0.54218,76.538,
133.16,82.947,8.9055,-6.4778,1.6733,-4.6861,55.756,
133.16,82.947,-0.56355,4.4662,-2.109,-1.4027,75.439,
133.16,82.947,6.3275,0.073057,-12.778,6.626,82.306,
134.16,82.947,1.6229,-1.0977,0.49551,-0.27054,76.813,
134.16,82.947,1.0089,1.1624,-0.1868,-2.005,76.263,
134.16,82.947,8.8624,-5.7598,-3.8676,0.42605,52.46,
134.16,82.947,-1.3069,5.0488,-10.055,6.6943,83.038,
135.16,83.588,1.8175,-0.91766,-0.2275,0.092375,77.087,96.405
135.16,83.588,1.126,1.2216,-0.57498,-1.7857,74.799,
135.16,83.588,8.5792,-3.0733,-9.8172,4.1416,83.405,
135.16,83.588,-5.0849,6.416,-6.241,5.3332,82.947,
136.16,84.32,1.6727,-1.2081,0.34445,-0.066444,77.179,98.145
136.16,84.32,0.49462,1.0151,0.74799,-2.2265,75.073,
136.16,84.32,2.6209,-5.5837,6.5407,-4.1052,83.221,
136.16,84.32,10.06,-4.1734,-7.4622,1.3423,49.622,
137.16,85.51,0.38859,0.017864,0.2892,0.089898,100.71,
137.16,85.51,0.72016,1.1424,-0.52645,-1.3657,48.615,
137.16,85.51,4.7285,-3.6,0.028581,-1.2651,52.094,
137.16,85.51,2.4107,1.4022,-8.3198,4.7428,85.693,
138.16,87.067,2.7171,-1.6729,-0.35273,-0.019186,100.52,
138.16,87.067,2.5005,-1.2336,-3.2895,1.7146,50.079,
138.16,87.067,1.0991,0.83356,-0.35564,-1.6626,131.56,
138.16,87.067,-5.2213,6.5412,-5.6848,4.9667,86.975,
139.16,90.454,2.1029,-1.6791,0.49277,-0.18439,91.003,
139.16,90.454,9.0105,-6.7718,1.3189,-4.1323,66.376,
139.16,90.454,1.6229,3.9101,-3.7141,-1.4936,133.48,
139.16,90.454,5.2269,0.54258,-12.128,6.4522,90.912,
140.16,93.201,0.89122,-0.46365,0.10735,0.24834,66.559,
140.16,93.201,1.3952,1.1189,-1.3484,-1.138,134.03,
140.16,93.201,5.9824,-4.2652,-3.2453,1.4313,48.981,
140.16,93.201,-1.5057,2.5456,-4.4261,3.5111,93.842,
141.16,94.208,1.9736,-1.6624,0.85583,-0.43678,96.039,
141.16,94.208,5.1799,-4.9593,0.069711,-0.60002,63.904,
141.16,94.208,1.9806,0.13524,-0.15185,-2.0286,134.03,
141.16,94.208,-1.2575,-0.71221,4.264,-2.4678,94.208,
142.16,93.658,1.7789,-1.261,0.036284,0.19385,64.636,
142.16,93.658,5.2809,-3.7628,-1.5306,-0.25028,53.284,
142.16,93.658,0.68883,2.8632,-0.36474,-3.0299,134.77,
142.16,93.658,-0.020452,-3.8908,9.3276,-5.6692,93.933,
143.16,92.743,1.0026,-0.44543,-0.1528,0.39273,64.178,
143.16,92.743,2.4599,1.331,-2.0362,-1.7699,134.67,
143.16,92.743,10.013,-9.3739,0.78052,-1.7286,52.551,
143.16,92.743,1.221,0.75117,-6.9685,4.9701,92.377,
144.16,91.003,-1.506,0.94024,0.12953,-0.33973,63.446,
144.16,91.003,-6.2833,4.4772,2.1276,-0.13191,55.206,
144.16,91.003,0.014193,-2.4002,-1.0762,3.3869,134.86,
144.16,91.003,0.27672,3.6728,-8.4686,4.7745,91.736,
145.16,90.179,0.53948,0.030735,-0.30106,0.53798,64.27,
145.16,90.179,0.3797,1.0326,-0.28903,-1.0942,66.101,
145.16,90.179,-0.70251,-2.1731,8.7713,-6.0866,89.996,
145.16,90.179,11.512,-8.6057,-2.3055,-0.94433,53.009,
146.16,89.722,-1.4228,0.78178,-0.10671,-0.020776,64.178,
146.16,89.722,-0.98807,-0.64326,0.34521,1.3427,65.186,
146.16,89.722,-11.706,8.6048,4.158,-0.72879,53.375,
146.16,89.722,-1.2435,4.94,-9.3123,6.0443,89.63,
147.16,89.63,1.2502,-0.6375,-0.24638,0.4129,64.453,
147.16,89.63,1.0573,0.61662,-0.58936,-1.0466,64.453,
147.16,89.63,4.7071,-3.0888,-2.7921,0.9911,55.023,
147.16,89.63,-2.6417,5.6395,-8.8295,6.2853,89.447,
148.16,89.63,1.778,-1.2535,-0.077282,0.34745,63.354,
148.16,89.63,0.52831,0.82106,0.97848,-2.2543,130.92,
148.16,89.63,-6.5578,9.8309,-9.098,6.3642,89.63,
148.16,89.63,15.86,-6.0443,-16.27,6.511,58.685,
149.16,89.722,0.8479,0.21423,-0.88975,0.6653,89.813,
149.16,89.722,-0.029483,0.75852,1.1195,-1.9399,130.65,
149.16,89.722,11.718,-4.8086,-10.447,3.4245,58.411,
149.16,89.722,-5.0756,7.6042,-8.2469,6.1169,90.912,
150.16,89.722,1.5876,-0.95766,0.40678,-0.29822,93.109,
150.16,89.722,0.015531,1.3833,-0.60498,-0.77618,130.55,
150.16,89.722,-1.845,3.2556,-4.3025,3.3916,90.271,
150.16,89.722,11.905,-5.4891,-9.1507,2.5681,56.396,
151.16,89.996,1.7292,-0.78969,-0.18065,0.0055166,92.468,
151.16,89.996,0.75434,0.5532,-0.065804,-1.33,128.72,
151.16,89.996,10.013,-8.5644,1.0704,-3.2846,52.643,
151.16,89.996,7.1401,0.71027,-15.449,8.0774,89.355,
152.16,89.996,1.2034,-0.069295,-0.88384,0.58629,92.01,
152.16,89.996,0.61988,0.41567,0.46821,-1.6097,127.44,
152.16,89.996,10.471,-2.5283,-13.541,5.7316,49.622,
152.16,89.996,-7.9392,8.8111,-5.6261,5.394,99.243,
153.16,90.088,2.4578,-1.3799,-0.26267,-0.11868,97.137,125.24
153.16,90.088,3.6553,-3.8417,2.1149,-2.4993,65.186,
153.16,90.088,0.58672,0.82569,-0.29689,-1.1438,126.53,
153.16,90.088,9.1162,-1.0924,-15.384,7.5997,90.637,
154.16,89.905,1.6752,-1.1455,0.7318,-0.56945,100.16,
154.16,89.905,-0.67328,1.3362,0.60115,-1.2911,125.52,
154.16,89.905,-1.8477,3.251,-4.3042,3.5032,65.826,
154.16,89.905,12.11,-5.706,-9.4467,2.8242,50.354,
155.16,89.722,1.9245,-1.2507,0.58086,-0.54897,101.53,
155.16,89.722,5.4282,-4.5702,0.73965,-2.0775,51.453,
155.16,89.722,0.15756,1.2958,-0.43689,-1.0443,125.24,
155.16,89.722,8.4317,0.48041,-16.693,8.3175,90.546,
156.16,89.447,1.908,-0.57095,-0.9594,0.41448,114.26,
156.16,89.447,-0.10289,1.5106,-0.2619,-1.1411,123.14,
156.16,89.447,8.2789,-4.3015,-4.2159,-0.034047,53.833,
156.16,89.447,-0.61741,2.8624,-5.6305,3.5928,89.63,
157.16,89.172,1.9745,-0.41194,-1.6804,0.93332,46.509,
157.16,89.172,0.71881,1.1178,-0.6391,-1.1803,132.57,
157.16,89.172,8.2249,-2.2866,-9.954,3.997,88.257,
157.16,89.172,5.3152,-5.6384,3.9766,-3.9761,91.095,
158.16,89.172,1.3488,-0.78158,0.52807,-0.3533,114.99,
158.16,89.172,4.1749,-3.8811,1.5178,-2.2218,91.278,
158.16,89.172,1.4189,0.65895,-1.2184,-0.88958,120.85,
158.16,89.172,5.4415,-1.0624,-7.9613,3.7403,88.348,
159.16,89.264,2.3058,-1.4095,0.023605,-0.21698,113.89,
159.16,89.264,1.3889,0.20199,-0.12348,-1.5439,119.48,
159.16,89.264,6.5789,-2.4814,-6.8632,2.6733,55.298,
159.16,89.264,-3.2962,5.4879,-6.0357,4.7536,89.081,
160.16,89.355,1.9259,-0.7941,-0.49542,0.13011,114.99,
160.16,89.355,1.2593,0.77117,-1.2225,-0.87419,120.12,
160.16,89.355,4.0807,-3.767,1.7258,-2.3804,87.891,
160.16,89.355,4.7393,-1.2966,-7.5206,4.1022,90.546,
161.16,89.355,2.5839,-1.7129,-0.0021225,-0.19323,112.15,
161.16,89.355,1.8795,0.074155,-0.58295,-1.4211,120.57,
161.16,89.355,-4.5813,6.1355,-5.137,4.5321,87.341,
161.16,89.355,6.1539,-2.1185,-7.5734,3.4825,92.651,
162.16,89.172,2.0267,-1.0001,-0.70979,0.44869,111.69,
162.16,89.172,-4.3712,3.3819,-0.95169,2.2885,85.419,114.9
162.16,89.172,5.5087,-1.7103,-8.0319,4.2203,92.194,
162.16,89.172,1.7559,2.5765,-4.6702,0.60782,89.172,
163.16,88.806,1.7555,-0.99621,-0.39358,0.39431,111.51,
163.16,88.806,5.6926,-1.9113,-7.5903,3.7659,90.271,
163.16,88.806,3.5703,-3.2238,2.2774,-2.951,86.06,
163.16,88.806,1.9786,2.4924,-4.5384,0.41933,89.63,
164.16,88.257,2.6165,-1.2035,-2.0878,1.4125,111.97,
164.16,88.257,4.4516,-1.2079,-6.5717,3.102,88.715,
164.16,88.257,-0.019386,3.6957,-3.1155,-0.11033,89.172,
164.16,88.257,4.4716,-4.067,2.5364,-3.2035,86.7,
165.16,88.257,3.1376,-1.9572,-0.79218,0.31816,93.201,
165.16,88.257,-2.692,0.26707,5.9766,-3.4117,88.44,
165.16,88.257,9.4169,-8.746,3.8025,-5.3151,86.884,
165.16,88.257,2.6392,1.6838,-2.47,-1.6968,88.531,
166.16,88.715,2.2805,-1.4547,-0.25738,0.13171,88.257,
166.16,88.715,7.5534,-6.5314,1.8547,-3.7625,86.06,
166.16,88.715,0.85904,2.1414,-1.6181,-1.11,87.341,
166.16,88.715,2.592,0.15405,-6.8428,4.1895,90.729,
167.16,89.539,-1.7103,0.86411,0.80853,-0.76765,118.47,
167.16,89.539,-11.568,10.039,-0.35205,2.3402,85.236,
167.16,89.539,1.9331,1.4349,-8.6352,5.3467,90.637,
167.16,89.539,-3.5656,0.18405,-0.75518,4.1267,67.932,
168.16,91.003,2.4385,-1.4242,-0.90426,0.63315,119.02,
168.16,91.003,9.643,-7.79,0.50737,-3.0927,70.679,
168.16,91.003,-0.43686,2.5193,1.0001,-2.8563,84.32,
168.16,91.003,-0.93211,-2.0655,7.5768,-4.7168,91.644,
169.16,93.384,-0.71042,1.1526,-0.47909,0.84845,81.848,
169.16,93.384,6.251,-4.78,-1.0127,-0.39457,91.553,
169.16,93.384,-0.92289,-2.2629,7.8284,-4.7602,94.299,
169.16,93.384,1.2856,0.96283,2.2753,-4.5998,66.01,
170.16,95.673,2.3108,-1.0621,-1.4286,0.94636,80.383,
170.16,95.673,3.6811,-0.54898,-6.1796,2.9106,96.222,
170.16,95.673,4.3363,-4.5851,2.4856,-2.533,57.495,
170.16,95.673,0.16473,2.2931,0.65346,-2.9854,66.101,
171.16,96.68,0.84969,-0.19685,-0.33089,0.47193,79.376,
171.16,96.68,4.9083,-4.3183,0.53974,-1.2456,55.023,
171.16,96.68,0.65808,1.9407,1.2071,-3.8181,67.2,
171.16,96.68,-2.1396,-0.9606,6.3626,-3.3029,96.039,
172.16,96.497,-0.73982,0.48918,-0.2557,-0.27534,77.728,
172.16,96.497,-5.1113,4.458,-0.21351,0.989,52.551,
172.16,96.497,-1.167,-2.1395,0.0033011,3.2003,79.193,
172.16,96.497,1.646,1.4652,-6.7134,3.7287,95.49,
173.16,95.215,-1.8486,2.2826,-2.7013,1.6659,76.08,
173.16,95.215,-1.0928,2.9746,-4.7842,3.4751,82.947,
173.16,95.215,-1.2983,-1.269,2.0306,0.50822,76.63,
173.16,95.215,-5.1273,3.3953,3.1396,-1.3248,52.917,
174.16,93.109,1.3955,-0.59561,0.074658,-0.10161,74.615,
174.16,93.109,0.3205,1.5415,-0.16954,-1.7546,74.432,
174.16,93.109,11.754,-8.1758,-2.7053,-1.2307,53.925,
174.16,93.109,4.3611,3.5458,-19.637,12.08,90.179,
175.16,91.37,2.571,-2.2907,1.4717,-1.1556,74.066,
175.16,91.37,9.5208,-7.5255,-1.1432,-1.7487,53.558,
175.16,91.37,1.5834,0.86034,-1.7886,-0.6426,73.883,
175.16,91.37,-2.2416,-1.5106,8.0961,-4.7327,90.363,
176.16,90.363,2.5583,-2.0196,0.68332,-0.50913,73.883,
176.16,90.363,10.85,-10.43,1.9299,-3.0456,73.059,
176.16,90.363,0.064744,2.3727,1.7771,-4.2889,73.517,
176.16,90.363,5.3226,-0.1087,-9.078,3.9877,90.179,
177.16,90.088,-0.48123,0.54858,0.26951,0.45404,73.242,
177.16,90.088,0.29358,1.447,-0.33315,-1.3393,73.059,
177.16,90.088,6.9228,-5.9207,0.77061,-1.8441,53.467,
177.16,90.088,6.4085,2.8144,-17.557,8.8009,89.996,
178.16,90.271,-4.402,4.2823,0.39152,1.1637,73.242,
178.16,90.271,5.7757,-5.1507,1.0114,-1.4363,51.636,
178.16,90.271,0.63928,0.96365,-0.12299,-1.4968,73.425,
178.16,90.271,5.489,2.2116,-15.597,8.382,89.905,
179.16,90.546,-1.7924,2.0799,0.16741,1.0297,73.7,
179.16,90.546,0.45648,0.8951,0.40265,-1.7483,73.883,
179.16,90.546,12.382,-8.8234,-3.3994,-0.1752,51.544,
179.16,90.546,1.896,5.4584,-15.732,8.8642,89.813,
180.16,90.546,1.1945,-0.59887,0.18403,-0.01022,74.615,
180.16,90.546,0.90266,1.0474,1.7074,-3.8406,74.158,
180.16,90.546,9.1875,-10.485,4.8475,-4.0251,91.919,
180.16,90.546,10.266,-1.4778,-14.391,5.8326,47.882,
181.16,90.363,-1.4886,2.4748,-0.99341,1.511,74.341,
181.16,90.363,2.4848,0.45129,0.095177,-3.0584,73.883,
181.16,90.363,11.072,-10.162,1.1993,-2.1533,53.009,
181.16,90.363,7.4526,1.5532,-16.438,7.8062,90.454,
182.16,89.813,1.6467,-0.74132,-0.37143,0.24004,75.439,
182.16,89.813,1.3085,2.8863,-3.2705,-0.92328,74.341,
182.16,89.813,11.05,-10.716,3.1109,-3.9804,87.708,
182.16,89.813,9.0832,-0.84586,-15.788,7.8418,90.454,
183.16,88.989,0.31012,0.63124,-0.60076,0.46883,91.827,
183.16,88.989,-0.77587,2.5871,1.349,-3.3863,75.897,
183.16,88.989,3.3324,2.118,-10.222,4.9821,90.088,
183.16,88.989,14.158,-11.324,-0.11211,-2.9406,84.778,
184.16,88.348,2.009,-2.0052,1.9063,-1.2908,76.355,
184.16,88.348,5.218,-6.1715,2.7195,-2.2951,86.426,
184.16,88.348,1.5281,-0.011526,1.6106,-3.5658,89.264,
184.16,88.348,10.083,-1.8702,-15.444,7.8433,89.539,
185.16,87.616,-0.35897,0.88769,0.24843,0.019863,92.926,
185.16,87.616,5.0331,-1.885,0.064869,-3.5133,77.82,
185.16,87.616,-9.3413,10.92,-4.1769,2.6956,75.165,
185.16,87.616,13.282,-3.6222,-15.845,6.5796,86.884,
186.16,86.792,-0.13972,1.0222,-0.98197,0.9481,76.08,
186.16,86.792,1.1463,1.5967,-2.67,-0.011786,67.841,
186.16,86.792,-2.8371,4.4006,-5.1632,3.7445,86.792,
186.16,86.792,15.105,-6.7482,-13.156,4.9363,83.313,
187.16,86.151,-1.4782,1.9867,0.014281,0.28274,75.623,
187.16,86.151,2.3451,-0.49105,-0.41196,-1.5845,76.721,
187.16,86.151,-11.001,11.778,-4.1158,3.3166,73.242,
187.16,86.151,10.407,-1.2621,-16.37,7.7743,85.51,
188.16,85.419,0.92,-1.6921,3.2648,-1.8997,73.975,
188.16,85.419,-5.3764,5.8209,-2.136,2.1722,69.946,
188.16,85.419,1.2981,1.1949,-1.8594,-0.6924,72.51,
188.16,85.419,11.903,-3.0773,-15.465,7.3202,85.419,
189.16,84.869,-1.5793,2.9291,-2.0968,1.6037,74.707,
189.16,84.869,0.27829,3.099,-7.63,4.2356,84.869,
189.16,84.869,-2.2524,4.1457,0.51674,-2.6496,71.96,
189.16,84.869,16.721,-11.066,-5.3171,-0.25097,59.509,
190.16,84.32,-0.31748,0.84986,-0.34153,0.63622,74.615,
190.16,84.32,0.60933,1.5217,-1.8212,-0.29037,72.51,
190.16,84.32,-2.6604,7.2327,-14.83,10.743,83.954,
190.16,84.32,14.426,-9.9127,-6.0195,1.4008,66.101,
191.16,83.405,4.3781,-3.5216,1.1365,-0.72793,75.165,
191.16,83.405,14.016,-10.444,-3.1714,-0.96331,64.453,
191.16,83.405,1.6134,-2.9239,-2.108,3.4309,74.158,
191.16,83.405,2.0856,4.5974,-15.68,9.7807,83.954,
192.16,82.764,-0.80299,0.59752,2.0147,-1.1024,74.89,
192.16,82.764,-7.1579,7.4626,0.84749,-1.3473,61.249,
192.16,82.764,7.0593,0.33485,-14.671,7.9685,83.038,
192.16,82.764,9.5423,-8.6739,4.7243,-6.2355,79.102,
193.16,82.031,0.027359,1.2019,-1.7926,1.422,77.362,
193.16,82.031,1.0405,0.62688,-0.91114,-0.88534,76.355,
193.16,82.031,-3.3629,4.6187,-5.4895,4.3801,83.496,
193.16,82.031,14.671,-8.7068,-10.768,4.7048,82.672,
194.16,82.031,-1.2322,1.0308,1.2387,-0.26362,76.355,
194.16,82.031,1.0721,0.48873,0.034934,-1.6976,76.721,
194.16,82.031,3.8442,1.9029,-10.762,5.5705,81.757,
194.16,82.031,14.797,-12.391,-0.19092,-2.3621,103.45,
195.16,82.123,-1.9484,1.7038,1.2546,-0.23334,77.087,
195.16,82.123,0.34907,0.32382,1.5468,-2.4405,56.671,
195.16,82.123,13.431,-11.928,1.834,-3.4334,103.18,
195.16,82.123,5.0499,1.6265,-11.587,5.4594,81.482,
196.16,82.397,0.52212,0.63129,-1.2568,0.9467,76.996,
196.16,82.397,0.70851,1.0365,-0.81188,-1.0149,77.362,
196.16,82.397,-0.013619,5.0428,-13.585,8.8488,82.764,
196.16,82.397,15.172,-10.865,-6.4241,1.9438,51.178,
197.16,82.489,-0.77987,0.82687,0.77687,-0.030476,80.841,
197.16,82.489,0.23091,1.031,0.092237,-1.3762,75.439,
197.16,82.489,12.322,-9.1063,-4.0993,0.94612,50.171,
197.16,82.489,-1.5543,5.3638,-10.339,7.1008,83.405,
198.16,82.397,-0.91724,1.3959,-0.025481,0.37638,82.306,
198.16,82.397,0.33482,0.9216,0.025537,-1.4004,72.601,
198.16,82.397,10.631,-10.452,3.6533,-4.0397,100.71,
198.16,82.397,5.1436,-0.1627,-11.218,6.6283,83.038,
199.16,82.214,-1.0689,1.5906,-0.86066,1.1655,66.65,
199.16,82.214,1.5282,0.68677,-1.1221,-1.0647,132.39,
199.16,82.214,1.4016,0.58892,-7.3957,5.4124,82.123,
199.16,82.214,13.651,-12.881,0.10393,-0.74965,100.89,
200.16,82.214,-0.61473,1.2561,-0.97487,1.1474,66.559,
200.16,82.214,1.501,0.6422,-1.4154,-0.68957,65.826,
200.16,82.214,3.2231,-1.7714,-5.3464,3.9177,82.306,
200.16,82.214,9.3695,-10.533,5.2675,-4.0003,81.39,
201.16,82.397,0.73554,-1.2023,0.11723,-0.46282,65.46,
201.16,82.397,-1.0693,-1.0406,1.3939,0.71516,63.721,
201.16,82.397,-10.731,9.2057,3.5244,-2.2155,56.122,
201.16,82.397,-1.6416,3.8419,-9.0192,6.8904,82.672,
202.16,83.496,-0.20892,0.5635,0.0029625,0.44314,65.369,
202.16,83.496,2.255,-0.16775,-0.75048,-1.3133,62.531,
202.16,83.496,-2.1576,3.2858,-3.9102,2.8165,83.588,
202.16,83.496,9.9302,-7.3834,-7.4448,4.9673,81.482,
203.16,84.503,-0.6376,1.014,0.0083841,0.42247,65.277,
203.16,84.503,0.8045,1.0613,-0.82135,-1.0184,62.347,
203.16,84.503,11.796,-10.988,-1.8404,1.2289,55.756,
203.16,84.503,0.60939,-3.2735,8.8233,-6.2855,83.954,
204.16,85.236,-0.020487,0.5224,-0.38091,0.69571,64.911,
204.16,85.236,0.56989,1.4546,-1.2997,-0.68669,62.897,
204.16,85.236,-0.83834,-2.1598,9.7206,-6.8249,84.045,
204.16,85.236,11.328,-10.112,-2.1029,0.93263,70.953,
205.16,85.052,-1.324,0.75214,-0.17903,-0.016879,64.453,
205.16,85.052,-0.21785,-2.8687,0.99951,2.2044,64.27,
205.16,85.052,-0.41282,2.0237,-4.3642,2.9382,83.405,
205.16,85.052,-11.741,9.8591,3.2443,-1.1171,70.404,
206.16,84.137,-0.35137,-0.22909,-0.072571,-0.13929,64.087,
206.16,84.137,2.028,-4.4435,-1.069,3.6652,133.03,
206.16,84.137,3.5179,1.0393,-9.9957,5.5949,82.489,
206.16,84.137,-12.662,11.567,0.55196,0.60879,114.35,
207.16,81.665,0.0097853,8.61E-06,0.6786,0.092228,64.178,
207.16,81.665,1.0867,0.45999,-0.23491,-1.2455,131.47,
207.16,81.665,3.413,1.1454,-10.499,6.4218,81.207,
207.16,81.665,11.882,-11.285,-0.1332,-0.62116,113.98,
208.16,79.285,1.1683,-0.71967,-0.6228,0.98345,62.256,
208.16,79.285,-0.97299,2.879,-0.34035,-1.3805,130.83,
208.16,79.285,-2.3209,-4.0583,14.103,-7.8475,79.285,
208.16,79.285,15.284,-13.829,2.6327,-4.3062,101.72,
209.16,77.545,0.31147,0.43832,-0.37104,0.45526,89.813,
209.16,77.545,0.13044,1.0264,0.27147,-1.5088,130.37,
209.16,77.545,-2.9856,-3.4323,12.11,-6.0158,77.728,
209.16,77.545,7.8382,-6.2944,-0.48607,-1.2408,114.62,
210.16,77.179,0.022964,0.63689,-0.26866,0.44312,91.095,
210.16,77.179,0.20577,1.054,0.018607,-1.3625,129.73,
210.16,77.179,7.5731,-5.8403,-1.0768,-0.78538,115.81,
210.16,77.179,1.6612,3.8693,-11.262,6.0752,77.454,
211.16,77.728,-0.58667,0.46878,1.1738,-0.28172,92.56,
211.16,77.728,0.047017,0.87602,0.61457,-1.664,60.791,
211.16,77.728,-0.64388,3.1352,-5.0103,2.8738,78.369,
211.16,77.728,7.5812,-5.2577,-2.0734,-0.27793,119.84,
212.16,79.285,-0.66529,0.84915,0.56689,0.064507,94.025,
212.16,79.285,-0.0098012,1.0917,0.30559,-1.4952,61.432,
212.16,79.285,7.1803,-5.0844,-1.7025,-0.42931,48.889,
212.16,79.285,0.13015,-2.4752,4.7916,-2.6849,79.742,
213.16,81.116,-0.80595,1.4618,-0.57601,0.77093,98.145,
213.16,81.116,-0.027653,1.2525,0.088748,-1.3805,62.347,
213.16,81.116,7.6293,-5.511,-1.5897,-0.55202,49.622,
213.16,81.116,1.735,3.2022,-10.026,5.2045,81.39,
214.16,82.764,-0.63304,1.2442,-0.32007,0.56213,100.16,
214.16,82.764,0.40958,0.75355,0.16344,-1.4257,62.714,
214.16,82.764,7.7398,-6.4502,-0.16669,-1.2415,50.72,
214.16,82.764,-3.3655,-2.1264,9.9839,-4.7123,82.947,
215.16,83.038,0.30053,0.73984,-0.98749,0.78076,63.629,
215.16,83.038,-1.291,2.2705,0.2101,-1.2363,63.263,
215.16,83.038,6.5631,-0.62397,-10.329,4.3447,84.32,
215.16,83.038,11.489,-11.094,4.6971,-5.4651,83.496,
216.16,82.489,-0.91913,1.6088,-0.52381,0.67311,64.27,
216.16,82.489,-0.072501,1.4034,0.0538,-1.4919,63.08,
216.16,82.489,-0.4304,2.8307,-5.4721,3.1195,83.496,
216.16,82.489,8.9119,-6.5367,-1.9001,-0.51113,54.199,
217.16,81.573,1.98,-1.0112,-0.65696,0.46828,47.241,
217.16,81.573,0.94496,0.91259,-0.33104,-1.5178,131.84,
217.16,81.573,10.371,-8.2099,-1.6933,-0.74037,104.19,
217.16,81.573,0.33401,3.0163,-7.5476,4.3434,82.123,
218.16,80.658,1.2732,-0.80292,0.44918,-0.15101,115.08,
218.16,80.658,1.0472,0.80104,-0.85411,-1.0315,52.917,
218.16,80.658,11.308,-11.462,4.0062,-4.3979,79.834,
218.16,80.658,-2.7688,1.0993,3.7138,-2.0799,53.925,80.658
219.16,80.2,1.4046,-1.0707,0.72248,-0.30199,116.64,
219.16,80.2,1.3077,0.52706,-0.47052,-1.3994,51.727,
219.16,80.2,7.6828,-8.8858,4.821,-4.2036,79.742,
219.16,80.2,3.2511,-1.3229,-3.8996,1.9917,50.812,
220.16,80.2,0.32647,-0.22468,0.91617,-0.24332,115.54,
220.16,80.2,0.66819,1.3348,-0.11357,-1.92,116.91,
220.16,80.2,2.8701,-0.6298,-3.8991,1.7988,49.988,
220.16,80.2,6.459,-6.1832,1.8891,-2.3045,99.609,
221.16,81.39,0.51038,-0.052052,-0.015223,0.35326,112.98,
221.16,81.39,0.92552,0.91849,-0.32689,-1.5133,54.657,
221.16,81.39,1.974,-0.10411,-3.8809,2.0049,51.727,
221.16,81.39,5.484,-5.5766,2.1766,-2.2251,51.91,
222.16,83.771,0.47163,-0.71788,1.3086,-0.32292,111.51,
222.16,83.771,-2.5574,3.6626,-3.3972,2.6131,84.869,
222.16,83.771,0.74546,1.9127,0.3619,-2.9174,54.108,
222.16,83.771,6.0768,-2.7806,-4.733,1.6418,53.192,
223.16,86.426,1.202,-0.84956,0.3741,0.038445,110.96,
223.16,86.426,0.93373,0.88439,-0.18615,-1.5894,53.284,
223.16,86.426,4.5188,-4.6506,2.2053,-2.3454,87.982,
223.16,86.426,1.9404,0.030176,-3.9974,2.0239,53.65,
224.16,87.708,1.5028,-1.6073,0.69734,0.117,110.87,
224.16,87.708,0.83417,1.9803,0.42125,-2.8833,53.284,
224.16,87.708,7.4552,-7.8217,3.2377,-3.4714,89.081,
224.16,87.708,2.1458,0.26277,-4.2981,1.9585,53.925,
225.16,88.348,1.645,-0.91728,-0.11223,0.1531,90.179,
225.16,88.348,2.9282,-0.63349,-3.6957,1.2553,52.551,
225.16,88.348,5.6646,-7.8057,4.9169,-3.2222,53.467,
225.16,88.348,3.247,-0.71881,1.9127,-4.5666,48.981,
226.16,88.715,1.5754,-1.0407,0.11505,0.11842,87.799,
226.16,88.715,4.6837,-4.9326,1.4498,-1.4624,74.432,
226.16,88.715,0.71428,1.0878,-0.21748,-1.6014,47.516,
226.16,88.715,1.151,0.87702,-3.9943,1.9461,51.636,
227.16,89.539,1.6451,-1.2125,0.18933,0.16048,118.74,
227.16,89.539,6.0812,-6.0251,2.2624,-2.5594,75.806,
227.16,89.539,0.7604,1.6475,-0.31811,-2.016,47.882,
227.16,89.539,1.6601,0.9423,-4.2522,1.5789,50.262,
228.16,78.278,1.1769,-0.90997,0.20579,0.31389,119.29,
228.16,78.278,4.8612,-5.1021,0.9575,-0.91166,76.813,
228.16,78.278,2.0979,1.0743,0.33731,-3.4478,64.636,
228.16,78.278,1.0756,0.76963,-4.2905,2.4772,49.164,71.503
229.16,77.179,0.4297,-0.35191,0.26199,0.45334,82.581,
229.16,77.179,1.0723,1.4915,-0.46418,-2.0182,65.277,
229.16,77.179,6.1421,-6.4116,1.6168,-1.4206,59.692,
229.16,77.179,1.9238,0.44489,-5.9579,3.6506,73.334,
230.16,76.447,-1.0582,0.96312,-0.5385,-0.13312,80.566,
230.16,76.447,-4.2167,3.524,1.0014,-0.11648,60.699,
230.16,76.447,-2.4222,-2.9279,4.6124,0.50183,76.63,
230.16,76.447,-0.60443,6.2449,-12.023,6.9073,74.615,
231.16,76.721,1.6654,-1.1121,-0.2279,0.43558,79.651,
231.16,76.721,3.5272,-3.8671,-0.12269,0.1725,60.791,
231.16,76.721,1.8121,0.98008,-1.7477,-1.0614,78.369,
231.16,76.721,2.4233,4.1974,-13.361,7.0209,75.348,
232.16,77.728,-0.10762,0.60413,-0.094443,0.40246,77.82,
232.16,77.728,5.2293,-0.51246,-2.904,-1.7686,76.996,
232.16,77.728,4.1116,1.5528,-11.882,6.4669,77.728,
232.16,77.728,10.804,-13.18,3.0597,-0.61128,115.26,
233.16,79.285,0.63592,-0.058391,-0.20545,0.44248,75.714,
233.16,79.285,0.5181,1.2043,-0.32115,-1.421,76.172,
233.16,79.285,8.2541,-7.5512,-0.86699,0.14697,114.44,
233.16,79.285,-2.4587,-4.8161,12.635,-5.6677,80.2,
234.16,80.566,-0.30336,0.8265,0.034989,0.243,74.615,
234.16,80.566,-0.74607,3.0405,-0.93471,-1.4192,75.165,
234.16,80.566,10.156,-8.9897,-1.2635,0.14584,114.17,
234.16,80.566,3.5542,4.3576,-16.467,8.8724,81.94,
235.16,81.299,0.06581,-0.032385,-0.9864,0.18289,74.249,
235.16,81.299,1.7864,-2.981,-0.10768,1.3067,74.158,
235.16,81.299,-9.1311,6.3127,3.8015,-1.0491,63.354,
235.16,81.299,-1.6372,7.3026,-12.678,7.6628,81.39,
236.16,81.299,-0.92988,1.0733,0.61644,0.028487,73.608,
236.16,81.299,6.6788,-1.9338,-1.8352,-2.8765,74.249,
236.16,81.299,12.303,-3.0323,-19.533,10.713,80.933,
236.16,81.299,15.789,-21.835,12.111,-6.1704,81.39,
237.16,81.024,0.52715,-0.77824,1.0509,-0.044995,73.242,
237.16,81.024,-2.671,3.6695,0.79021,-1.706,73.608,
237.16,81.024,-2.3082,-1.837,7.9778,-4.1657,80.475,
237.16,81.024,10.594,-10.44,1.5197,-1.8032,76.08,
238.16,80.566,-2.7802,1.1203,4.7373,-1.8306,72.968,
238.16,80.566,1.5824,6.695,-16.595,9.2546,77.911,
238.16,80.566,10.907,-9.8812,-1.2708,0.32632,118.1,
238.16,80.566,3.3856,-1.3808,1.5508,-3.6571,73.425,
239.16,79.742,-4.7787,3.2367,5.5959,-2.8804,73.059,
239.16,79.742,10.602,-9.7343,-0.57359,-0.13833,116.82,
239.16,79.742,3.0229,-2.2876,3.678,-4.9899,72.876,
239.16,79.742,2.6474,6.6365,-17.964,9.6093,78.552,
240.16,79.193,2.8255,-2.3929,0.51871,-0.1999,74.89,
240.16,79.193,11.926,-10.545,-2.7103,1.2189,72.968,
240.16,79.193,4.4197,-6.0513,8.598,-7.481,72.235,
240.16,79.193,3.8468,6.1356,-17.132,7.6379,78.827,
241.16,78.827,-4.4226,1.0498,7.181,-2.6529,74.707,
241.16,78.827,11.355,-9.7933,-2.3753,0.98243,116.82,
241.16,78.827,-0.58387,-8.7289,16.556,-8.2671,79.926,
241.16,78.827,3.3797,-2.567,3.9808,-4.9187,73.059,
242.16,78.369,1.765,-0.96433,-0.27158,0.25981,75.165,
242.16,78.369,3.6393,0.88271,-3.8019,-0.80405,74.524,
242.16,78.369,11.054,-11.942,2.9237,-2.2808,118.19,
242.16,78.369,7.8904,1.021,-19.669,11.325,63.08,
243.16,77.728,2.4942,-0.52862,-3.0267,1.9031,90.729,
243.16,77.728,6.547,-1.0159,-14.24,8.6791,75.623,
243.16,77.728,5.5949,-0.060118,-6.0989,0.45444,75.989,
243.16,77.728,11.33,-12.506,3.6964,-2.7482,49.164,
244.16,77.087,1.4596,0.57657,-3.0435,1.8886,91.644,
244.16,77.087,-7.254,0.10441,17.128,-10.234,76.263,
244.16,77.087,5.5475,-1.7899,-2.6567,-1.3411,66.284,
244.16,77.087,9.7296,-11.001,3.6963,-2.6067,49.072,
245.16,76.447,1.8013,0.18618,-2.6095,1.4556,92.102,
245.16,76.447,2.3846,1.3338,-8.5299,4.8148,76.08,
245.16,76.447,3.6764,-0.071361,-1.4869,-2.4083,66.101,
245.16,76.447,10.965,-11.7,1.7388,-1.0857,47.607,
246.16,75.897,1.3143,-0.1112,-1.6052,1.2558,76.172,
246.16,75.897,-1.1608,2.7181,-0.35673,-1.1846,77.271,
246.16,75.897,3.8078,0.09043,-8.6987,4.9577,74.615,
246.16,75.897,11.909,-13.208,3.824,-2.7071,120.48,
247.16,75.623,4.0911,-3.0052,-0.4818,0.16716,75.531,
247.16,75.623,18.621,-20.039,2.407,-1.4686,72.876,
247.16,75.623,0.059529,4.3061,-3.127,-1.5704,76.538,
247.16,75.623,2.5705,1.3223,-8.7143,4.9985,74.432,
248.16,75.348,-0.099875,1.0346,-0.94239,0.82022,74.158,
248.16,75.348,-0.17859,2.2408,-0.60541,-1.4781,74.799,
248.16,75.348,-4.2097,0.045357,9.0139,-4.993,74.249,
248.16,75.348,10.666,-12.372,4.4027,-2.732,64.178,
249.16,75.073,-0.9218,2.3647,-1.3558,0.71189,73.792,
249.16,75.073,9.6886,-10.489,1.9024,-0.98401,63.446,
249.16,75.073,2.6934,1.3679,-1.8813,-2.4662,74.158,
249.16,75.073,2.6776,0.92975,-8.5465,5.0688,74.524,
250.16,75.256,3.6232,-2.2109,-1.8013,1.165,113.71,
250.16,75.256,7.7329,-2.4357,-12.39,6.846,74.799,
250.16,75.256,1.9482,2.5291,-3.0994,-1.4867,74.158,
250.16,75.256,13.719,-17.737,9.3138,-5.8595,62.897,
251.16,75.623,1.7162,-1.2712,0.34555,-0.018311,75.073,
251.16,75.623,7.8224,-8.575,1.2263,-0.61273,56.671,
251.16,75.623,1.5653,2.2944,-1.6907,-2.3075,74.982,
251.16,75.623,2.7066,0.70133,-7.7887,4.5906,76.996,
252.16,76.447,2.9366,-1.5505,-2.2703,1.6703,94.849,
252.16,76.447,5.2401,0.22175,-13.117,7.4326,77.728,
252.16,76.447,7.037,-8.2999,2.3854,-1.3145,53.741,
252.16,76.447,2.0243,1.4703,-0.60688,-2.9207,75.623,
253.16,78.186,-0.66361,-0.57822,1.5896,-1.1487,76.355,
253.16,78.186,-0.72676,-0.91291,-0.2604,1.9508,76.447,
253.16,78.186,-0.29123,5.9659,-12.128,6.3714,80.2,
253.16,78.186,-14.247,12.279,4.785,-2.8754,54.199,
254.16,80.658,0.68615,0.060222,-0.43871,0.48882,76.813,
254.16,80.658,0.0014328,1.6437,0.77463,-2.4734,77.179,
254.16,80.658,-0.54655,6.1891,-10.573,4.9273,82.123,
254.16,80.658,13.238,-11.469,-3.672,1.9354,53.558,
255.16,83.496,-0.049269,0.59905,0.23031,0.0037926,76.721,
255.16,83.496,0.63063,0.79755,0.93452,-2.4716,77.454,
255.16,83.496,11.47,-9.6945,-4.4848,2.9409,54.749,
255.16,83.496,0.023106,6.1971,-11.619,5.5311,82.947,
256.16,85.327,0.2501,0.45968,-0.44829,0.54546,76.996,
256.16,85.327,1.3573,0.40967,0.31167,-2.0784,77.087,
256.16,85.327,-4.1607,9.6758,-8.9475,3.3741,55.939,
256.16,85.327,9.1109,-5.4604,-8.6505,5.1292,84.595,
257.16,86.426,0.32314,0.18624,-0.75039,1.0405,80.475,
257.16,86.426,0.12004,1.6571,-0.14759,-1.5584,73.883,
257.16,86.426,3.8803,-0.60625,-9.3704,6.0215,85.968,
257.16,86.426,7.222,-7.1125,1.9206,-2.0059,55.573,
258.16,86.792,0.096509,-0.53554,-0.07579,-0.27394,100.34,
258.16,86.792,-0.41895,-1.7574,0.53099,1.6626,72.876,
258.16,86.792,-3.1507,4.9232,-7.805,6.0484,86.7,
258.16,86.792,-8.291,6.6606,4.4957,-2.9973,55.298,
259.16,86.517,0.28543,-0.25713,0.35345,0.41698,66.65,
259.16,86.517,0.083074,2.6238,-1.1883,-1.4111,131.74,
259.16,86.517,9.1749,-5.4567,-7.8867,4.194,56.396,
259.16,86.517,-5.9531,7.6306,-8.5962,7.0351,86.7,
260.16,86.426,-0.61165,1.0089,0.29073,0.093535,46.783,
260.16,86.426,0.32285,2.5505,-1.4432,-1.4589,132.02,
260.16,86.426,9.0987,-7.1381,-5.0806,3.4533,58.044,
260.16,86.426,-2.5823,5.4165,-9.1646,6.3459,86.243,
261.16,86.975,0.41647,0.14633,-0.52284,0.75842,64.911,
261.16,86.975,0.90216,2.0025,-1.4158,-1.4885,133.3,
261.16,86.975,6.1162,-3.759,-9.0404,6.5852,56.763,
261.16,86.975,6.8441,-7.7478,4.9064,-3.9327,60.974,
262.16,87.891,1.2306,-0.35708,-1.0135,0.92427,62.714,
262.16,87.891,1.0494,1.6697,-1.2533,-1.524,134.22,
262.16,87.891,8.0148,-6.0431,-7.8462,5.6026,56.213,
262.16,87.891,-4.5816,5.7394,-6.3168,5.1482,87.25,
263.16,89.355,0.22939,0.30113,-0.088016,0.36536,64.728,
263.16,89.355,0.62253,1.8744,-0.95615,-1.5677,134.67,
263.16,89.355,-3.2583,4.9659,-7.0941,5.3421,70.221,
263.16,89.355,8.7276,-6.9921,-5.1382,3.4524,55.573,
264.16,90.454,0.56402,0.28611,-1.2675,1.212,63.904,
264.16,90.454,-1.8666,5.3766,-8.7297,5.0205,89.905,
264.16,90.454,3.2164,0.52295,0.039856,-3.7305,65.094,
264.16,90.454,9.1649,-7.0844,-6.5413,4.3849,53.833,
265.16,91.278,-0.58302,-0.26592,0.32531,-0.27318,65.002,
265.16,91.278,-2.4943,-1.2914,1.327,2.6781,64.362,
265.16,91.278,-1.3643,4.868,-9.1031,5.6648,91.095,
265.16,91.278,-10.99,9.0334,3.9406,-1.9731,53.467,
266.16,91.827,1.3493,-0.61575,-0.031608,0.080145,64.728,
266.16,91.827,3.2368,1.532,-2.4742,-2.4267,63.538,
266.16,91.827,14.038,-10.417,-6.8468,3.0824,51.91,
266.16,91.827,-2.5016,5.3627,-8.9099,6.3077,91.919,
267.16,92.194,-0.013962,0.35062,-0.43746,0.90981,64.819,
267.16,92.194,-0.79534,2.0079,0.50471,-1.5681,63.354,
267.16,92.194,7.4622,-5.2693,-2.0565,-0.14062,55.756,66.925
267.16,92.194,0.070985,5.6924,-12.176,6.6953,91.919,
268.16,92.468,-0.80574,1.3435,-0.84722,1.1269,64.178,
268.16,92.468,1.3836,0.50745,0.79931,-2.5987,62.073,
268.16,92.468,1.6983,7.1408,-15.658,6.8204,92.377,
268.16,92.468,22.617,-17.427,-4.8931,-0.24751,55.664,
269.16,92.468,1.3691,-0.43015,-0.37987,0.24632,89.996,
269.16,92.468,0.37781,1.1622,-0.30143,-1.3396,61.249,
269.16,92.468,9.708,-6.7937,-3.6978,0.66301,54.291,
269.16,92.468,0.01339,6.2097,-13.088,7.3073,93.201,
270.16,92.194,0.43446,0.11399,0.24443,0.0070446,91.003,
270.16,92.194,-0.66859,1.6576,0.511,-1.6195,60.059,
270.16,92.194,5.2442,1.2742,-12.304,6.1255,92.834,
270.16,92.194,16.501,-15.321,2.1357,-3.7327,126.16,
271.16,91.461,-0.2762,0.37816,1.0478,-0.3704,91.736,
271.16,91.461,1.0794,0.071823,0.55325,-1.8744,60.15,
271.16,91.461,2.6776,1.1561,-7.0986,3.5793,50.079,
271.16,91.461,9.0032,-8.1392,0.30497,-1.3273,58.502,
272.16,90.637,0.77315,-0.31105,0.51763,-0.19713,92.56,
272.16,90.637,1.2457,0.32565,-0.22792,-1.4766,60.516,
272.16,90.637,10.39,-8.7596,-1.1793,-0.62247,49.622,
272.16,90.637,0.65742,-6.4064,12.43,-7.2203,89.447,
273.16,89.813,-0.39501,0.52603,0.85521,-0.20417,93.933,
273.16,89.813,0.065128,1.2016,0.16914,-1.5497,61.798,
273.16,89.813,5.8281,-1.8279,-6.7183,2.9594,48.065,89.722
273.16,89.813,-8.9656,12.203,-8.8718,6.1126,84.503,
274.16,89.355,-0.14204,0.76461,-0.067044,0.26109,125.61,
274.16,89.355,0.54823,1.0532,-0.49495,-1.2165,62.988,
274.16,89.355,0.69859,5.3439,-12.309,6.645,87.799,
274.16,89.355,16.65,-13.56,-2.3066,-0.91023,47.241,
275.16,88.989,-1.0325,0.18269,0.32746,-0.27874,125.15,
275.16,88.989,0.72502,-1.777,-0.64419,1.7953,65.46,
275.16,88.989,0.70021,2.2933,-6.279,3.4278,87.067,
275.16,88.989,-18.012,14.173,3.7169,0.40875,46.051,
276.16,88.806,-1.7968,1.4046,1.693,-0.53676,99.609,
276.16,88.806,-1.7221,2.9192,-0.14282,-1.1918,66.01,
276.16,88.806,20.288,-14.674,-5.0782,-0.46089,60.699,
276.16,88.806,-1.2932,7.9462,-13.526,7.5313,68.848,
277.16,88.715,-1.0597,0.7318,-0.69868,0.2466,47.058,
277.16,88.715,0.88933,-2.7291,0.14459,1.7474,66.101,
277.16,88.715,2.4333,2.7685,-8.9121,3.9353,67.108,
277.16,88.715,-25.638,19.774,5.4535,0.63643,58.319,
278.16,88.44,0.60109,-0.25194,0.68388,-0.25907,115.54,
278.16,88.44,-0.19359,1.7439,-0.15116,-1.5001,120.57,
278.16,88.44,2.2965,4.632,-12.642,6.1483,66.559,
278.16,88.44,17.105,-13.44,-2.7197,-1.2068,57.037,
279.16,88.074,-0.24804,0.65158,0.37998,0.022616,117.19,
279.16,88.074,-0.68947,2.4737,-0.56236,-1.3066,119.66,
279.16,88.074,8.2918,-5.8091,-2.4451,-0.034587,58.411,
279.16,88.074,0.22188,5.7994,-11.811,6.0992,63.629,
280.16,87.799,0.05278,0.78777,-0.052992,0.0053989,115.63,
280.16,87.799,-0.52078,2.105,-0.527,-1.234,120.85,
280.16,87.799,-4.7422,-3.7152,14.81,-6.6945,62.439,
280.16,87.799,17.912,-12.581,-4.2522,-1.286,104.37,
281.16,87.25,0.76307,0.095114,-0.31009,0.25649,113.16,
281.16,87.25,0.08836,1.6559,-0.22611,-1.6014,124.69,
281.16,87.25,3.333,3.6557,-12.234,5.3987,62.622,
281.16,87.25,16.181,-12.915,-2.0096,-1.4999,104.19,
282.16,86.426,0.090225,0.37753,-0.16887,0.51575,111.69,
282.16,86.426,5.0898,-1.6711,-0.10976,-3.2996,124.69,
282.16,86.426,8.6912,-3.7483,-7.4423,2.567,104.1,
282.16,86.426,-5.3946,10.2,-8.2076,3.6542,61.34,
283.16,85.327,0.98159,-1.149,-0.17354,-0.4718,111.15,
283.16,85.327,1.9665,-6.2186,3.4494,0.70923,61.707,
283.16,85.327,-19.489,14.254,3.4046,1.8951,106.11,
283.16,85.327,4.4647,2.0176,-12.659,6.394,84.869,
284.16,84.32,-1.4764,1.9223,-0.21474,0.5911,111.42,
284.16,84.32,-0.7123,2.6296,1.4118,-3.4605,89.539,
284.16,84.32,18.883,-14.852,-2.4015,-1.604,106.93,
284.16,84.32,2.555,5.1718,-14.078,6.6151,83.679,
285.16,83.221,-0.43656,1.1948,-0.69024,0.76587,113.34,
285.16,83.221,1.5618,1.4927,0.49379,-3.5814,87.799,
285.16,83.221,-3.323,-5.2501,15,-6.6199,82.397,
285.16,83.221,19.036,-17.386,1.018,-2.7979,86.7,
286.16,82.489,-0.84926,1.7406,-0.66866,0.61079,116.91,
286.16,82.489,-3.7859,6.2601,-0.54265,-2.1444,86.517,
286.16,82.489,3.3365,2.2206,-11.202,5.7357,82.672,
286.16,82.489,15.937,-12.781,-1.3634,-1.8455,88.715,
287.16,81.94,-1.9727,2.3485,-0.29475,0.76248,84.229,
287.16,81.94,18.557,-14.529,-0.73589,-3.2395,87.982,
287.16,81.94,-9.4861,13.209,-3.999,0.29106,83.954,
287.16,81.94,1.0655,6.1519,-16.329,9.4007,81.024,
288.16,81.573,-1.3363,1.8196,-0.31263,0.6663,83.221,
288.16,81.573,1.4225,0.04592,0.17269,-1.683,84.686,
288.16,81.573,16.906,-14.859,-1.4331,-0.54126,57.678,
288.16,81.573,3.5462,2.3271,-12.896,7.283,80.383,
289.16,80.933,-0.67258,0.85259,-0.044552,0.67832,82.397,
289.16,80.933,1.2622,0.3107,0.26302,-1.7576,83.038,
289.16,80.933,19.393,-19.638,5.8901,-6.0306,59.875,
289.16,80.933,11.235,-4.7198,-14.259,8.0153,59.235,
290.16,80.383,0.90993,-0.03734,-0.58787,0.54138,81.299,
290.16,80.383,0.81418,0.73691,-1.056,-0.60486,80.2,
290.16,80.383,3.677,0.93117,-13.761,9.5855,52.643,
290.16,80.383,17.162,-16.587,2.0979,-3.1786,66.101,
291.16,79.468,-2.3776,3.5821,-2.1072,1.7556,80.566,
291.16,79.468,7.9478,-7.9594,2.3367,-2.2089,52.368,
291.16,79.468,0.86524,0.83259,-1.4001,-0.44936,79.468,
291.16,79.468,5.8475,-2.2755,-11.033,7.5965,52.277,
292.16,78.735,0.49296,0.5428,-1.261,1.0539,78.461,
292.16,78.735,2.0611,-0.62026,-0.043769,-1.5406,78.461,
292.16,78.735,6.3682,-7.6319,5.245,-4.149,79.102,
292.16,78.735,9.1786,-6.0164,-9.2907,6.0892,52.002,
293.16,78.278,-0.49032,1.4435,-1.1247,1.0153,75.806,
293.16,78.278,1.541,0.092507,-0.83311,-0.89691,77.728,
293.16,78.278,7.9978,-8.9165,3.9649,-3.1549,81.39,
293.16,78.278,-6.6073,3.079,10.156,-6.8243,50.812,
294.16,78.278,-0.16864,0.93087,-0.66593,0.72438,74.707,
294.16,78.278,1.6025,0.39255,-0.87272,-1.1735,76.355,
294.16,78.278,8.2688,-9.0796,4.0121,-3.2988,90.088,
294.16,78.278,-7.9377,3.1142,13.295,-8.6446,79.559,
295.16,78.918,-0.33653,0.85489,0.073234,0.20578,74.432,
295.16,78.918,-0.1811,1.5069,0.19075,-1.6109,73.792,
295.16,78.918,8.3067,-8.0895,0.48414,-0.69697,62.988,
295.16,78.918,2.5398,2.3026,-13.254,8.7997,78.918,
296.16,79.559,-0.69209,1.4195,-0.35818,0.43888,73.608,
296.16,79.559,-0.73412,2.3389,0.42265,-2.1077,73.425,
296.16,79.559,11.304,-11.279,1.7321,-1.7696,62.622,
296.16,79.559,5.346,1.7459,-16.971,10.156,78.369,
297.16,80.383,-2.2917,2.8604,-0.38807,0.58795,72.876,
297.16,80.383,10.598,-13.036,10.604,-8.0819,76.904,
297.16,80.383,11.877,-9.8753,-8.989,7.4287,81.207,
297.16,80.383,4.6937,1.4245,-9.4743,3.4957,72.693,
298.16,80.841,0.45346,-0.27732,1.2136,0.0059255,73.608,
298.16,80.841,3.4951,-0.29892,-0.30262,-2.8894,72.601,
298.16,80.841,7.1225,-8.2295,3.2243,-2.2682,49.622,
298.16,80.841,7.427,-1.9823,-14.961,9.8682,80.933,
299.16,80.933,0.87542,-0.4237,-2.6276,0.80082,73.334,
299.16,80.933,0.0064644,-1.6579,-0.33057,1.944,73.608,
299.16,80.933,-9.4051,8.4901,1.7094,-0.84655,105.29,
299.16,80.933,0.042267,5.8567,-16.015,10.608,81.94,
